
{
    "Version" : "2012-10-17",
    "Statement" : [
        {
            "Effect" : "Allow",
            "Action" : [
                "iam:GetInstanceProfile"
            ],
            "Resource" : "*"
        }
    ],
    "comment"   : "This file is used to help set default values when using the dotnet CLI extension Amazon.ElasticBeanstalk.Tools. For more information run \"dotnet eb --help\" from the project root.",
    "profile"   : "default",
    "region"    : "ap-southeast-1",
    "application" : "WAFAYUWebAPI",
    "environment" : "WAFAYUWebAPI-dev",
    "cname"       : "wafayuwebapi-dev",
    "solution-stack" : "64bit Amazon Linux 2 v2.2.2 running .NET Core",
    "environment-type" : "SingleInstance",
    "instance-profile" : "aws-elasticbeanstalk-ec2-role",
    "service-role"     : "aws-elasticbeanstalk-service-role",
    "health-check-url" : "/",
    "instance-type"    : "t3a.medium",
    "key-pair"         : "test",
    "iis-website"      : "Default Web Site",
    "app-path"         : "/",
    "enable-xray"      : false,
    "configuration"    : "Debug",
    "framework"        : "netcoreapp3.1",
    "self-contained"   : false,
    "enhanced-health-type" : "basic",
    "additional-options"   : "\"aws:autoscaling:launchconfiguration,SecurityGroups\"=\"sg-08c8aa09308394684\";\"aws:ec2:vpc,Subnets\"=\"subnet-97d874df,subnet-b26b00eb,subnet-658b3703\"",
    "proxy-server"         : "nginx"
}