
{
    "Version" : "2012-10-17",
    "Statement" : [
        {
            "Effect" : "Allow",
            "Action" : [
                "iam:GetInstanceProfile"
            ],
            "Resource" : "*"
        }
    ],
    "comment"   : "This file is used to help set default values when using the dotnet CLI extension Amazon.ElasticBeanstalk.Tools. For more information run \"dotnet eb --help\" from the project root.",
    "profile"   : "default",
    "region"    : "ap-southeast-1",
    "application" : "WAFAYUWebAPI",
    "environment" : "WAFAYUWebAPI-dev",
    "cname"       : "wafayuwebapi-dev",
    "solution-stack" : "64bit Windows Server Core 2019 v2.6.7 running IIS 10.0",
    "environment-type" : "SingleInstance",
    "instance-profile" : "aws-elasticbeanstalk-ec2-role",
    "service-role"     : "aws-elasticbeanstalk-service-role",
    "health-check-url" : "/",
    "instance-type"    : "t3a.medium",
    "key-pair"         : "",
    "iis-website"      : "Default Web Site",
    "app-path"         : "/",
    "enable-xray"      : false
}